[{"model": "auth.permission", "pk": 1, "fields": {"name": "Can add log entry", "content_type": 1, "codename": "add_logentry"}}, {"model": "auth.permission", "pk": 2, "fields": {"name": "Can change log entry", "content_type": 1, "codename": "change_logentry"}}, {"model": "auth.permission", "pk": 3, "fields": {"name": "Can delete log entry", "content_type": 1, "codename": "delete_logentry"}}, {"model": "auth.permission", "pk": 4, "fields": {"name": "Can view log entry", "content_type": 1, "codename": "view_logentry"}}, {"model": "auth.permission", "pk": 5, "fields": {"name": "Can add permission", "content_type": 2, "codename": "add_permission"}}, {"model": "auth.permission", "pk": 6, "fields": {"name": "Can change permission", "content_type": 2, "codename": "change_permission"}}, {"model": "auth.permission", "pk": 7, "fields": {"name": "Can delete permission", "content_type": 2, "codename": "delete_permission"}}, {"model": "auth.permission", "pk": 8, "fields": {"name": "Can view permission", "content_type": 2, "codename": "view_permission"}}, {"model": "auth.permission", "pk": 9, "fields": {"name": "Can add group", "content_type": 3, "codename": "add_group"}}, {"model": "auth.permission", "pk": 10, "fields": {"name": "Can change group", "content_type": 3, "codename": "change_group"}}, {"model": "auth.permission", "pk": 11, "fields": {"name": "Can delete group", "content_type": 3, "codename": "delete_group"}}, {"model": "auth.permission", "pk": 12, "fields": {"name": "Can view group", "content_type": 3, "codename": "view_group"}}, {"model": "auth.permission", "pk": 13, "fields": {"name": "Can add user", "content_type": 4, "codename": "add_user"}}, {"model": "auth.permission", "pk": 14, "fields": {"name": "Can change user", "content_type": 4, "codename": "change_user"}}, {"model": "auth.permission", "pk": 15, "fields": {"name": "Can delete user", "content_type": 4, "codename": "delete_user"}}, {"model": "auth.permission", "pk": 16, "fields": {"name": "Can view user", "content_type": 4, "codename": "view_user"}}, {"model": "auth.permission", "pk": 17, "fields": {"name": "Can add content type", "content_type": 5, "codename": "add_contenttype"}}, {"model": "auth.permission", "pk": 18, "fields": {"name": "Can change content type", "content_type": 5, "codename": "change_contenttype"}}, {"model": "auth.permission", "pk": 19, "fields": {"name": "Can delete content type", "content_type": 5, "codename": "delete_contenttype"}}, {"model": "auth.permission", "pk": 20, "fields": {"name": "Can view content type", "content_type": 5, "codename": "view_contenttype"}}, {"model": "auth.permission", "pk": 21, "fields": {"name": "Can add session", "content_type": 6, "codename": "add_session"}}, {"model": "auth.permission", "pk": 22, "fields": {"name": "Can change session", "content_type": 6, "codename": "change_session"}}, {"model": "auth.permission", "pk": 23, "fields": {"name": "Can delete session", "content_type": 6, "codename": "delete_session"}}, {"model": "auth.permission", "pk": 24, "fields": {"name": "Can view session", "content_type": 6, "codename": "view_session"}}, {"model": "auth.permission", "pk": 25, "fields": {"name": "Can add regions", "content_type": 7, "codename": "add_regions"}}, {"model": "auth.permission", "pk": 26, "fields": {"name": "Can change regions", "content_type": 7, "codename": "change_regions"}}, {"model": "auth.permission", "pk": 27, "fields": {"name": "Can delete regions", "content_type": 7, "codename": "delete_regions"}}, {"model": "auth.permission", "pk": 28, "fields": {"name": "Can view regions", "content_type": 7, "codename": "view_regions"}}, {"model": "auth.permission", "pk": 29, "fields": {"name": "Can add list of countries", "content_type": 8, "codename": "add_listofcountries"}}, {"model": "auth.permission", "pk": 30, "fields": {"name": "Can change list of countries", "content_type": 8, "codename": "change_listofcountries"}}, {"model": "auth.permission", "pk": 31, "fields": {"name": "Can delete list of countries", "content_type": 8, "codename": "delete_listofcountries"}}, {"model": "auth.permission", "pk": 32, "fields": {"name": "Can view list of countries", "content_type": 8, "codename": "view_listofcountries"}}, {"model": "auth.permission", "pk": 33, "fields": {"name": "Can add accomodation", "content_type": 9, "codename": "add_accomodation"}}, {"model": "auth.permission", "pk": 34, "fields": {"name": "Can change accomodation", "content_type": 9, "codename": "change_accomodation"}}, {"model": "auth.permission", "pk": 35, "fields": {"name": "Can delete accomodation", "content_type": 9, "codename": "delete_accomodation"}}, {"model": "auth.permission", "pk": 36, "fields": {"name": "Can view accomodation", "content_type": 9, "codename": "view_accomodation"}}, {"model": "auth.permission", "pk": 37, "fields": {"name": "Can add accommodation", "content_type": 10, "codename": "add_accommodation"}}, {"model": "auth.permission", "pk": 38, "fields": {"name": "Can change accommodation", "content_type": 10, "codename": "change_accommodation"}}, {"model": "auth.permission", "pk": 39, "fields": {"name": "Can delete accommodation", "content_type": 10, "codename": "delete_accommodation"}}, {"model": "auth.permission", "pk": 40, "fields": {"name": "Can view accommodation", "content_type": 10, "codename": "view_accommodation"}}, {"model": "auth.permission", "pk": 41, "fields": {"name": "Can add travel user profile", "content_type": 11, "codename": "add_traveluserprofile"}}, {"model": "auth.permission", "pk": 42, "fields": {"name": "Can change travel user profile", "content_type": 11, "codename": "change_traveluserprofile"}}, {"model": "auth.permission", "pk": 43, "fields": {"name": "Can delete travel user profile", "content_type": 11, "codename": "delete_traveluserprofile"}}, {"model": "auth.permission", "pk": 44, "fields": {"name": "Can view travel user profile", "content_type": 11, "codename": "view_traveluserprofile"}}, {"model": "auth.permission", "pk": 45, "fields": {"name": "Can add user", "content_type": 12, "codename": "add_traveluser"}}, {"model": "auth.permission", "pk": 46, "fields": {"name": "Can change user", "content_type": 12, "codename": "change_traveluser"}}, {"model": "auth.permission", "pk": 47, "fields": {"name": "Can delete user", "content_type": 12, "codename": "delete_traveluser"}}, {"model": "auth.permission", "pk": 48, "fields": {"name": "Can view user", "content_type": 12, "codename": "view_traveluser"}}, {"model": "auth.permission", "pk": 49, "fields": {"name": "Can add association", "content_type": 13, "codename": "add_association"}}, {"model": "auth.permission", "pk": 50, "fields": {"name": "Can change association", "content_type": 13, "codename": "change_association"}}, {"model": "auth.permission", "pk": 51, "fields": {"name": "Can delete association", "content_type": 13, "codename": "delete_association"}}, {"model": "auth.permission", "pk": 52, "fields": {"name": "Can view association", "content_type": 13, "codename": "view_association"}}, {"model": "auth.permission", "pk": 53, "fields": {"name": "Can add code", "content_type": 14, "codename": "add_code"}}, {"model": "auth.permission", "pk": 54, "fields": {"name": "Can change code", "content_type": 14, "codename": "change_code"}}, {"model": "auth.permission", "pk": 55, "fields": {"name": "Can delete code", "content_type": 14, "codename": "delete_code"}}, {"model": "auth.permission", "pk": 56, "fields": {"name": "Can view code", "content_type": 14, "codename": "view_code"}}, {"model": "auth.permission", "pk": 57, "fields": {"name": "Can add nonce", "content_type": 15, "codename": "add_nonce"}}, {"model": "auth.permission", "pk": 58, "fields": {"name": "Can change nonce", "content_type": 15, "codename": "change_nonce"}}, {"model": "auth.permission", "pk": 59, "fields": {"name": "Can delete nonce", "content_type": 15, "codename": "delete_nonce"}}, {"model": "auth.permission", "pk": 60, "fields": {"name": "Can view nonce", "content_type": 15, "codename": "view_nonce"}}, {"model": "auth.permission", "pk": 61, "fields": {"name": "Can add user social auth", "content_type": 16, "codename": "add_usersocialauth"}}, {"model": "auth.permission", "pk": 62, "fields": {"name": "Can change user social auth", "content_type": 16, "codename": "change_usersocialauth"}}, {"model": "auth.permission", "pk": 63, "fields": {"name": "Can delete user social auth", "content_type": 16, "codename": "delete_usersocialauth"}}, {"model": "auth.permission", "pk": 64, "fields": {"name": "Can view user social auth", "content_type": 16, "codename": "view_usersocialauth"}}, {"model": "auth.permission", "pk": 65, "fields": {"name": "Can add partial", "content_type": 17, "codename": "add_partial"}}, {"model": "auth.permission", "pk": 66, "fields": {"name": "Can change partial", "content_type": 17, "codename": "change_partial"}}, {"model": "auth.permission", "pk": 67, "fields": {"name": "Can delete partial", "content_type": 17, "codename": "delete_partial"}}, {"model": "auth.permission", "pk": 68, "fields": {"name": "Can view partial", "content_type": 17, "codename": "view_partial"}}, {"model": "auth.permission", "pk": 69, "fields": {"name": "Can add basket", "content_type": 18, "codename": "add_basket"}}, {"model": "auth.permission", "pk": 70, "fields": {"name": "Can change basket", "content_type": 18, "codename": "change_basket"}}, {"model": "auth.permission", "pk": 71, "fields": {"name": "Can delete basket", "content_type": 18, "codename": "delete_basket"}}, {"model": "auth.permission", "pk": 72, "fields": {"name": "Can view basket", "content_type": 18, "codename": "view_basket"}}, {"model": "auth.permission", "pk": 73, "fields": {"name": "Can add заказ", "content_type": 19, "codename": "add_order"}}, {"model": "auth.permission", "pk": 74, "fields": {"name": "Can change заказ", "content_type": 19, "codename": "change_order"}}, {"model": "auth.permission", "pk": 75, "fields": {"name": "Can delete заказ", "content_type": 19, "codename": "delete_order"}}, {"model": "auth.permission", "pk": 76, "fields": {"name": "Can view заказ", "content_type": 19, "codename": "view_order"}}, {"model": "auth.permission", "pk": 77, "fields": {"name": "Can add order item", "content_type": 20, "codename": "add_orderitem"}}, {"model": "auth.permission", "pk": 78, "fields": {"name": "Can change order item", "content_type": 20, "codename": "change_orderitem"}}, {"model": "auth.permission", "pk": 79, "fields": {"name": "Can delete order item", "content_type": 20, "codename": "delete_orderitem"}}, {"model": "auth.permission", "pk": 80, "fields": {"name": "Can view order item", "content_type": 20, "codename": "view_orderitem"}}, {"model": "contenttypes.contenttype", "pk": 1, "fields": {"app_label": "admin", "model": "logentry"}}, {"model": "contenttypes.contenttype", "pk": 2, "fields": {"app_label": "auth", "model": "permission"}}, {"model": "contenttypes.contenttype", "pk": 3, "fields": {"app_label": "auth", "model": "group"}}, {"model": "contenttypes.contenttype", "pk": 4, "fields": {"app_label": "auth", "model": "user"}}, {"model": "contenttypes.contenttype", "pk": 5, "fields": {"app_label": "contenttypes", "model": "contenttype"}}, {"model": "contenttypes.contenttype", "pk": 6, "fields": {"app_label": "sessions", "model": "session"}}, {"model": "contenttypes.contenttype", "pk": 7, "fields": {"app_label": "mainapp", "model": "regions"}}, {"model": "contenttypes.contenttype", "pk": 8, "fields": {"app_label": "mainapp", "model": "listofcountries"}}, {"model": "contenttypes.contenttype", "pk": 9, "fields": {"app_label": "mainapp", "model": "accomodation"}}, {"model": "contenttypes.contenttype", "pk": 10, "fields": {"app_label": "mainapp", "model": "accommodation"}}, {"model": "contenttypes.contenttype", "pk": 11, "fields": {"app_label": "authapp", "model": "traveluserprofile"}}, {"model": "contenttypes.contenttype", "pk": 12, "fields": {"app_label": "authapp", "model": "traveluser"}}, {"model": "contenttypes.contenttype", "pk": 13, "fields": {"app_label": "social_django", "model": "association"}}, {"model": "contenttypes.contenttype", "pk": 14, "fields": {"app_label": "social_django", "model": "code"}}, {"model": "contenttypes.contenttype", "pk": 15, "fields": {"app_label": "social_django", "model": "nonce"}}, {"model": "contenttypes.contenttype", "pk": 16, "fields": {"app_label": "social_django", "model": "usersocialauth"}}, {"model": "contenttypes.contenttype", "pk": 17, "fields": {"app_label": "social_django", "model": "partial"}}, {"model": "contenttypes.contenttype", "pk": 18, "fields": {"app_label": "basketapp", "model": "basket"}}, {"model": "contenttypes.contenttype", "pk": 19, "fields": {"app_label": "ordersapp", "model": "order"}}, {"model": "contenttypes.contenttype", "pk": 20, "fields": {"app_label": "ordersapp", "model": "orderitem"}}, {"model": "sessions.session", "pk": "1r78i7xqcgv0v4oh4n49deymuw1zc2mi", "fields": {"session_data": "e30:1oneBU:D9UB2BUQk1ZppfsaXXLj0BfYz10WMDZm4rP6TM5bTrA", "expire_date": "2022-11-09T18:02:56.528"}}, {"model": "sessions.session", "pk": "8fam4o44v4fjgeerjpzt1u0rr6y4lwlw", "fields": {"session_data": "e30:1oneAr:JvFdgjNTc0JeUywQ0cSUwVbbH8ioSH-aNTnfViLpbj4", "expire_date": "2022-11-09T18:02:17.965"}}, {"model": "sessions.session", "pk": "hryg9oikau9e7y39g8ugo2gva9vw2w6d", "fields": {"session_data": "eyJuZXh0IjoiLyIsInZrLW9hdXRoMl9zdGF0ZSI6IkpyazVEdldFQzRqek95NlNObjlJc0VjS0s2V2k2dklmIn0:1onxjI:Fcdin-o9esBKttiaWpZLid5YYaTct5F-jEoJpkt6pe8", "expire_date": "2022-11-10T14:55:08.118"}}, {"model": "sessions.session", "pk": "wkzsxr2x11xffw7oeh4zreci7si5e94c", "fields": {"session_data": ".eJxVj0GLwjAQhf9Lzm43qY2me9se9qAsioLsLcwkk21paKGJpSD-d1MR0ev3-N6bubCOpsi-2CdbsLH96OEc61yHCJESDT9-e_h1w2ao9tOx4n4XR_83lpMyRR2OmyTp2dDnQINubFLyd4ZgWurmIPSmAa9NP1D2oCEb2-y03X3Po-9eDaFOkhJLZUUpER3mBbdWKUIpLZilxJUzSlgOyMFxgYWRZJBEuRbOkcgdrtap9LF7r_YQovb9f9O9HPZ8m11vMUZazQ:1opkbY:xioqBwE_sfOQXVTO0_eNmbY7UjUgIQYiFLsXtrQsbeA", "expire_date": "2022-11-15T13:18:32.189"}}, {"model": "sessions.session", "pk": "x0xxjbtfauzg0pztm1fdgzbunkik795i", "fields": {"session_data": "NzA5NzI0NTZjZTU0ZjQyZWM4YTY4YWU5ZGUwYjkwODk4YzAzMTJkMDp7Il9hdXRoX3VzZXJfaWQiOiIxIiwiX2F1dGhfdXNlcl9iYWNrZW5kIjoiZGphbmdvLmNvbnRyaWIuYXV0aC5iYWNrZW5kcy5Nb2RlbEJhY2tlbmQiLCJfYXV0aF91c2VyX2hhc2giOiJmNTU2OTFiYjY0NzkwYjkxYWFhNzJmZTg3YzIwZGJlZjQ0OGJhZDY5In0=", "expire_date": "2021-09-21T11:55:22.152"}}, {"model": "authapp.traveluser", "pk": 1, "fields": {"password": "pbkdf2_sha256$390000$2rgRpG292z9LipXlgaJJAU$7xkcLSuiSYVBZEbeQtc3YU64ePvaWoD/EZCyH9sPykk=", "last_login": "2022-10-28T13:11:37.373", "is_superuser": true, "username": "vanya", "first_name": "шпгр", "last_name": "", "email": "", "is_staff": true, "is_active": true, "date_joined": "2022-10-26T18:02:08.097", "avatar": "", "age": 18, "groups": [], "user_permissions": []}}, {"model": "authapp.traveluser", "pk": 2, "fields": {"password": "!n7Nq2AL45XFnn9tFeqKw04IJSjeuMcO6R2PQHl8X", "last_login": "2022-11-01T13:18:32.187", "is_superuser": false, "username": "kovrigin.vanya", "first_name": "Иван", "last_name": "Ковригин", "email": "", "is_staff": false, "is_active": true, "date_joined": "2022-10-27T13:44:06.981", "avatar": "", "age": 18, "groups": [], "user_permissions": []}}, {"model": "authapp.traveluser", "pk": 3, "fields": {"password": "pbkdf2_sha256$390000$5Ig3lSeMPG8JhIYnFjrbfW$LGk/zf/rwuJd/L0KIjklKDdqT0Wfbafb8EnIBHFjSys=", "last_login": null, "is_superuser": false, "username": "new_user", "first_name": "admin", "last_name": "", "email": "wqeq@udjd.ru", "is_staff": false, "is_active": true, "date_joined": "2022-10-28T14:05:24", "avatar": "", "age": 31, "groups": [], "user_permissions": []}}, {"model": "authapp.traveluser", "pk": 4, "fields": {"password": "pbkdf2_sha256$390000$jIzOg96p7FvN0oYPLnzIF2$T0coR64wG4sjnrFKW4bqHkDGqUtEyHAj7plXPwIoPxA=", "last_login": null, "is_superuser": false, "username": "qwe", "first_name": "wewew", "last_name": "", "email": "", "is_staff": false, "is_active": false, "date_joined": "2022-10-28T14:10:44", "avatar": "users_avatars/motolodka-049.jpg", "age": 18, "groups": [], "user_permissions": []}}, {"model": "authapp.traveluserprofile", "pk": 1, "fields": {"user": 1, "tagline": "", "aboutMe": "", "gender": "M"}}, {"model": "authapp.traveluserprofile", "pk": 2, "fields": {"user": 2, "tagline": "", "aboutMe": "", "gender": "M"}}, {"model": "authapp.traveluserprofile", "pk": 3, "fields": {"user": 3, "tagline": "", "aboutMe": "", "gender": ""}}, {"model": "authapp.traveluserprofile", "pk": 4, "fields": {"user": 4, "tagline": "", "aboutMe": "", "gender": ""}}, {"model": "mainapp.listofcountries", "pk": 1, "fields": {"name": "россия", "description": "Россия - страна, полная открытий\n\nОтдых в России - это возможность увидеть другой мир, не пересекая границ. Наша страна поистине уникальна, и чтобы в этом убедиться, стоит полететь на Камчатку или Байкал, отправиться в алтайские горы, прогуляться по улицам тысячелетней Казани… Летом можно отдохнуть на пляжах Геленджика или Сочи, солнечной осенью пройтись по терренкурам в Кисловодске, зимой - покорить снежные склоны Красной Поляны, а весну встретить в Питере и попробовать наконец знаменитую корюшку. Россия ждет, открывайте ее вместе с нами!", "is_active": true}}, {"model": "mainapp.listofcountries", "pk": 5, "fields": {"name": "sds", "description": "sdsd", "is_active": false}}, {"model": "mainapp.regions", "pk": 1, "fields": {"country": 1, "name": "анапа", "description": "", "is_active": true}}, {"model": "mainapp.regions", "pk": 2, "fields": {"country": 1, "name": "геленджик", "description": "", "is_active": true}}, {"model": "mainapp.regions", "pk": 3, "fields": {"country": 1, "name": "сочи", "description": "", "is_active": true}}, {"model": "mainapp.regions", "pk": 4, "fields": {"country": 1, "name": "домбай", "description": "", "is_active": true}}, {"model": "mainapp.accommodation", "pk": 1, "fields": {"country": 1, "region": 1, "name": "санаторий парус", "image": "accommodation_img/parus_80MrPZw.jpg", "short_desc": "анапский санаторий с романтичным названием «Парус» зовёт в незабываемое путешествие к чёрному морю.", "description": "анапский санаторий с романтичным названием «Парус» зовёт в незабываемое путешествие к чёрному морю. У «Паруса» на черноморском побережье есть собственный пляж – золотой, песчаный, мягкий. Рядом с корпусами санатория, прямо под солнечным небом, находятся два больших водных комплекса – это пять чаш бассейнов разной глубины, включая мелководную чашу для малышей.\n\nКупание, загорание, прогулки среди зелени и клумб вы сможете дополнить различными видами спортивного отдыха. В «Парусе» есть современно оборудованный тренажёрный зал, зал аэробики, столы для настольного тенниса, а также теннисный корт, футбольное поле, волейбольная и баскетбольная площадки – все с профессиональным покрытием. Качество спортивного комплекса санатория настолько высоко, что здесь проводят соревнования и сборы спортсмены-профессионалы. Завершая игру или тренировку, можно заглянуть в сауну с контрастным бассейном и фито-бар.\n\nЕсли вам по душе лёгкий отдых, к вашим услугам – ресторан и бар «Паруса». Вечером на танцевальной площадке звучат популярные мелодии.\n\nИ, конечно же, не стоит забывать о том, что «Парус» – это многопрофильная здравница с мощным медицинским потенциалом. Здесь отдыхающему индивидуально подберут процедуры для лечения и оздоровления. В «Парусе» применяются гальваногрязелечение, водолечение, галотерапия, криотерапия, лазеротерапия и другие виды процедур. Действует на территории санатория и SPA-зона.", "availability": 13, "price": "1750.00", "room_desc": "Описание номера:\nОднокомнатный номер, площадью 20 м2, с балконом – 3,3 м2.\nРазмещение: 2+1 чел., дополнительное место: кресло-кровать.\n \n\nдве кровати/двуспальная кровать;\nдве прикроватные тумбочки;\nшкаф;\nстол;\nдва стула;\nзеркало;\nтумбочка под телевизор;\nтелевизор;\nхолодильник;\nсплит-система;\nкомплект полотенец: банное, для лица и для ног;\nграфин под воду;\nчайная пара.\n \nПолный санузел с душевой кабиной, с набором туалетных принадлежностей.\n\nНапольное покрытие – ковролин.", "is_active": true}}, {"model": "mainapp.accommodation", "pk": 2, "fields": {"country": 1, "region": 2, "name": "фаворит", "image": "accommodation_img/favorit.jpg", "short_desc": "Отель «Фаворит» приглашает на отдых в красивейший город Геленджик – жемчужину Черного моря. Став нашим гостем Вы сделаете правильный выбор, потому что мы предлагаем максимально лучшие условия по минимально низкой цене.\nДо автобусного вокзала Геленджика — 1,5 км. Аэропорт Геленджика находится в 9 км от гостевого дома «Фаворит».\n", "description": "Пляж\nОбщественный песчано-галечный в 700 м от отеля.\n​ Шезлонги, зонтики предоставляются за доп плату.\nВ номере\n- душ\n- фен\n- индивидуальный кондиционер\n- ТВ \n- сейф \n- балкон\n- керамическая плитка\n- уборка номера, (ежедневно)\n- смена постельного белья (3 раза в неделю)\n- холодильник\nТерритория\n- прачечная (платно)\n- Wi-Fi \n- автопарковка\nРазвлечения и спорт\n​- сауна (платно)\nДля детей\n- детская кроватка\n​\nПитание\nОтель предлагает питание по системам BB (завтраки).", "availability": 23, "price": "1660.00", "room_desc": "Стандарт (17-22 кв.м, макс 3 чел, спальня, ванная)/двуспальная кровать;\nдве прикроватные тумбочки;\nшкаф;\nстол;\nдва стула;\nзеркало;\nтумбочка под телевизор;\nтелевизор;\nхолодильник;\nсплит-система;\nкомплект полотенец: банное, для лица и для ног;\nграфин под воду;\nчайная пара.\n \nПолный санузел с душевой кабиной, с набором туалетных принадлежностей.\n\nНапольное покрытие – ковролин.", "is_active": true}}, {"model": "mainapp.accommodation", "pk": 3, "fields": {"country": 1, "region": 3, "name": "ibis Styles Krasnaya Polyana", "image": "accommodation_img/ibis.jpg", "short_desc": "Сочи, отель Горки Арт прошел ребрендинг и теперь на курорте появился первый дизайнерский отель ibis Styles 4*", "description": "отель \"ГIbis\" расположен в непосредственной близости от подъемников канатных дорог. Просторные номера, детская комната, помещение для хранения спортивного оборудования и широкий спектр дополнительных услуг обеспечат комфортный семейный отдых, как зимой, так и летом. Помимо прекрасных видов на горные вершины расположение отеля обеспечивает удобный доступ ко всей курортной инфраструктуре, включая горнолыжные трассы разного уровня сложности, горнолыжные школы, пункты проката, рестораны, клубы, веревочный парк приключений, комплекс трасс для скоростного спуска на горных велосипедах и эко-тропы для пешеходного туризма. Отель Ibis Styles расположен в 100 метрах от подъемника \"Горная Карусель\".", "availability": 27, "price": "5126.00", "room_desc": "Стандарт двухместный (35 кв.м., двуспальная или две односпальные кровати, софа, ванна или душ, доп. место - кровать, макс 3 чел.)", "is_active": true}}, {"model": "mainapp.accommodation", "pk": 4, "fields": {"country": 1, "region": 3, "name": "олимпия отель", "image": "accommodation_img/olimpia.jpg", "short_desc": "Уникальный курорт, расположенный у подножия вершин Главного Кавказского хребта, на высоте 550 метров над уровнем моря и окруженнный горами высотой от 1800 до 2500 метров. Из номеров отеля открывается панорамный вид на горы.", "description": "В номере\n- прикроватные тумбочки\n- светильники\n- ТВ\n- шкаф\n- холодильник\n- обувная полка\n- душ\nТерритория\n- Wi-Fi\n- парковка (охраняемая)\n- прачечная\n​​- сушилка для горнолыжного инвентаря\n- конференц-зал (платно, до 60 чел., оборудованный. В стоимость аренды конференц-зала включены: мебель (столы, стулья), экран, флип-чарт с маркерами, Wi-Fi. Дополнительные платные услуги: бизнес набор (бумага, ручка), кофе-брейк, фуршет)\n- трансфер от/до аэропорта и ж/д вокзала\n​- мангал, барбекю\nРазвлечения и спорт\n​- настольный теннис\n- бильярд\n​- баня на дровах с камином и гостиной\n- экскурсионные программы по Сочи (посещение Олимпийских объектов, шоппинг по торговым центрам, посещение развлекательных центров, аквапарка, катка, кинотеатра, ночных клубов)\nРестораны и бары\n- ресторан\n- кафе-бар\n\nОбеденный зал на 80 посадочных мест с  предоставлением завтрака и шведским столом.\n​Бар с прохладительными, горячими и спиртными напитками.\nДополнительная информация\nВАЖНО:\nЕсли туристы летят самолетом с собственным горнолыжным снаряжением, то туристам необходимо забронировать и подтвердить услугу провоза спортивного инвентаря более чем за 24 часа до вылета рейса!\nОбращаем Ваше внимание, что авиакомпания имеет право отказать в перевозке пассажиру со спортивным снаряжением, если перевозка снаряжения не была забронирована и подтверждена авиакомпанией.\n\nВ стоимость номеров  включено: \nпроживание, питание – полупансион (завтрак шведский стол, ужин порционный), доставка до пляжа и обратно, уборка номера парковка, пользование гладильной доской с утюгом, парковка.\n​\n​В стоимость коттеджей, виллы, шале и дома с 4 спальнями включено: проживание, уборка и смена белья, трансфер до горнолыжных подъёмников  и обратно.", "availability": 20, "price": "4368.00", "room_desc": "«Стандарт в мансарде» (16 кв.м, двухместный однокомнатный; 2 кровати, прикроватные тумбочки, светильники, ТВ, шкаф, холодильник, обувная полка, душ)", "is_active": true}}, {"model": "mainapp.accommodation", "pk": 5, "fields": {"country": 1, "region": 3, "name": "тройка отель", "image": "accommodation_img/troika.jpg", "short_desc": "Этот отель расположен на лыжном курорте Красная Поляна, неподалеку от побережья Чёрного моря. К услугам гостей крытый бассейн, спа-салон и ресторан региональной кухни. Из окон открывается живописный вид на горы.\nОтель «Тройка» находится примерно в нескольких минутах езды до горнолыжных подъёмников и Олимпийских объектов. Расстояние до аэропорта Сочи (Адлер) — 43 км. ​Отель расположен в селении Эсто-Садок на территории Сочинского национального заповедника.", "description": "В номере\n- душ \n- фен (по запросу на ресепшн)\n​- индивидуальный кондиционер\n- ТВ\n- сейф\n- балкон\n- керамическая плитка\n- уборка номера, (ежедневно)\n- смена полотенец (ежедневно)\n- смена постельного белья (3 раза в неделю)\n- холодильник\nТерритория\n- Wi-Fi\n- круглосуточная работа службы приема и размещения\n- парковка для автотранспорта\n- доставка до канатных дорог во время горнолыжного сезона\n- бронирование экскурсий, авиа-, жд- билетов\n- организация трансфера до/от аэропорта, жд/станции (по запросу, платно)\n- вызов такси\n- ​банкетный зал (на 30 мест)\nРазвлечения и спорт\n- крытый бассейн\n​- сауна\nРестораны и бары\n- ресторан (европейская и авторская кухня, 40 мест)\n- лобби-бар\nПитание\nОтель предлагает питание по системам: BB, HB завтрак, обед – шведский стол.\nДополнительная информация\nВ стоимость номера включено: \nпроживание в номере выбранной категории\nразовая косметика в номере, полотенца\nмахровые халаты и тапочки (в номерах «студия» и «люкс») \nтекущая уборка – производится со следующего после заезда дня - ежедневно\nзамена постельного белья – раз в неделю.\nзамена полотенец – каждые три дня\nвозможна досрочная замена белья и полотенец за дополнительную плату\nзавтрак на две персоны с 1-го декабря\n \nПо прибытии необходимо внести залог в размере 2000 RUB на случай непредвиденных ситуаций. \nЗалог будет полностью возвращён при регистрации отъезда после проверки состояния объекта размещения.\n\nВАЖНО:\nЕсли туристы летят самолетом с собственным горнолыжным снаряжением, то туристам необходимо забронировать и подтвердить услугу провоза спортивного инвентаря более чем за 24 часа до вылета рейса!\nОбращаем Ваше внимание, что авиакомпания имеет право отказать в перевозке пассажиру со спортивным снаряжением, если перевозка снаряжения не была забронирована и подтверждена авиакомпанией.\nРасчетный час/до аэропорта и ж/д вокзала\n​- мангал, барбекю\nРазвлечения и спорт\n​- настольный теннис\n- бильярд\n​- баня на дровах с камином и гостиной\n- экскурсионные программы по Сочи (посещение Олимпийских объектов, шоппинг по торговым центрам, посещение развлекательных центров, аквапарка, катка, кинотеатра, ночных клубов)\nРестораны и бары\n- ресторан\n- кафе-бар\n\nОбеденный зал на 80 посадочных мест с  предоставлением завтрака и шведским столом.\n​Бар с прохладительными, горячими и спиртными напитками.\nДополнительная информация\nВАЖНО:\nЕсли туристы летят самолетом с собственным горнолыжным снаряжением, то туристам необходимо забронировать и подтвердить услугу провоза спортивного инвентаря более чем за 24 часа до вылета рейса!\nОбращаем Ваше внимание, что авиакомпания имеет право отказать в перевозке пассажиру со спортивным снаряжением, если перевозка снаряжения не была забронирована и подтверждена авиакомпанией.\n\nВ стоимость номеров  включено: \nпроживание, питание – полупансион (завтрак шведский стол, ужин порционный), доставка до пляжа и обратно, уборка номера парковка, пользование гладильной доской с утюгом, парковка.\n​\n​В стоимость коттеджей, виллы, шале и дома с 4 спальнями включено: проживание, уборка и смена белья, трансфер до горнолыжных подъёмников  и обратно.", "availability": 20, "price": "4162.00", "room_desc": "Стандарт 2-х местный (25 кв.м, макс.2 чел., спальня, ванна)", "is_active": true}}, {"model": "mainapp.accommodation", "pk": 6, "fields": {"country": 1, "region": 3, "name": "rosa ski inn deluxe", "image": "accommodation_img/rosa_ski.jpg", "short_desc": "​Rosa Ski Inn Deluxe 4* - это главный корпус отеля «Rosa Ski Inn», прошедший полную реновацию (корпус А). В отеле есть все, чтобы провести незабываемый горнолыжный отдых и воспользоваться всеми преимуществами системы Ski In/Ski Out.\n​Отель Rosa Ski Inn находится на круглогодичном курорте «Роза Хутор», на высоте 1170 метров над уровнем моря, где располагается Горная Олимпийская деревня — один из знаковых объектов Зимних Олимпийских Игр 2014 года в Сочи. Вся горнолыжная инфрастурктура курорта находится в нескольких десятках метров от отеля. ​Шестой этаж полностью переделан, и отель рад представить гостям максимально комфортное размещение. Новейшая мебель и современные удобные матрасы для полноценного отдыха после активного дня, все номера с видом на горы или на склон.", "description": "В номере\n- холодильник\n- ТВ\n- телефон\n- чайная станция\n- душ\n- фен\n- халаты, тапочки\n- средства индивидуального ухода\n- стойка для хранения лыж\nТерритория\n- Wi-Fi\n- конференц-зал (до 40 чел.)\n​- бизнес-центр\n​- прачечная\nРазвлечения и спорт\n- лыжная комната с персональными локерами для хранения и сушки оборудования\n- пункт проката курорта горнолыжных и сноубордических комплектов\n​- Fresh SPA\nДля детей\n​- детский инвентарь\n- детская комната\n​- детское меню\nРестораны и бары\n- ресторан «Варежка» (блюда кавказской, русской и европейской кухни; с панорамным видом на горные вершины и долину реки)\nДополнительная информация\nПравила пользования услугами курорта\n\n​Гости отеля Rosa Ski Inn Deluxe могут:\nПосетить ресторан или заказать еду и напитки в номер\nВосстановить силы после активного дня в СПА зоне\nВзять в прокат горнолыжное оборудование\nВоспользоваться услугами сушки и хранения оборудования в лыжной комнате\nПриобрести ски-пасс\nВоспользоваться услугами прачечной  \nПриобрести билеты на мероприятия, заказать такси, записаться на экскурсию при помощи менеджеров по работе с гостями\nБесплатно воспользоваться услугами детской комнаты\n\nВАЖНО:\nЕсли туристы летят самолетом с собственным горнолыжным снаряжением, то туристам необходимо забронировать и подтвердить услугу провоза спортивного инвентаря более чем за 24 часа до вылета рейса!\nОбращаем Ваше внимание, что авиакомпания имеет право отказать в перевозке пассажиру со спортивным снаряжением, если перевозка снаряжения не была забронирована и подтверждена авиакомпанией.\nSPA центр\n​​В СПА зоне Rosa Ski Inn Deluxe к услугам гостей:\nБассейн с гидромассажными местами\nТурецкий хамам\nЕгипетский расул – гидропаровая процедура для души и тела с оздоровительным эффектом\nКраксен – тонизирующая альпийская травяная баня для снятия усталости мышц\nДуш впечатлений\nПодогреваемые эргономичные лежаки\nШирокий спектр процедур Fresh SPA от Natura Siberica: массажи, пилинги, обертывания, уходы за лицом, телом и волосами, программы коррекции фигуры, а также индивидуальные программы на целый день. Здесь Вы почувствуете всю чудодейственную силу природных сибирских компонентов, ведь все ингредиенты, необходимые для процедуры, смешиваются свежими прямо на Ваших глазах и с учетом Ваших пожеланий./от аэропорта, жд/станции (по запросу, платно)\n- вызов такси\n- ​банкетный зал (на 30 мест)\nРазвлечения и спорт\n- крытый бассейн\n​- сауна\nРестораны и бары\n- ресторан (европейская и авторская кухня, 40 мест)\n- лобби-бар\nПитание\nОтель предлагает питание по системам: BB, HB завтрак, обед – шведский стол.\nДополнительная информация\nВ стоимость номера включено: \nпроживание в номере выбранной категории\nразовая косметика в номере, полотенца\nмахровые халаты и тапочки (в номерах «студия» и «люкс») \nтекущая уборка – производится со следующего после заезда дня - ежедневно\nзамена постельного белья – раз в неделю.\nзамена полотенец – каждые три дня\nвозможна досрочная замена белья и полотенец за дополнительную плату\nзавтрак на две персоны с 1-го декабря\n \nПо прибытии необходимо внести залог в размере 2000 RUB на случай непредвиденных ситуаций. \nЗалог будет полностью возвращён при регистрации отъезда после проверки состояния объекта размещения.\n\nВАЖНО:\nЕсли туристы летят самолетом с собственным горнолыжным снаряжением, то туристам необходимо забронировать и подтвердить услугу провоза спортивного инвентаря более чем за 24 часа до вылета рейса!\nОбращаем Ваше внимание, что авиакомпания имеет право отказать в перевозке пассажиру со спортивным снаряжением, если перевозка снаряжения не была забронирована и подтверждена авиакомпанией.\nРасчетный час/до аэропорта и ж/д вокзала\n​- мангал, барбекю\nРазвлечения и спорт\n​- настольный теннис\n- бильярд\n​- баня на дровах с камином и гостиной\n- экскурсионные программы по Сочи (посещение Олимпийских объектов, шоппинг по торговым центрам, посещение развлекательных центров, аквапарка, катка, кинотеатра, ночных клубов)\nРестораны и бары\n- ресторан\n- кафе-бар\n\nОбеденный зал на 80 посадочных мест с  предоставлением завтрака и шведским столом.\n​Бар с прохладительными, горячими и спиртными напитками.\nДополнительная информация\nВАЖНО:\nЕсли туристы летят самолетом с собственным горнолыжным снаряжением, то туристам необходимо забронировать и подтвердить услугу провоза спортивного инвентаря более чем за 24 часа до вылета рейса!\nОбращаем Ваше внимание, что авиакомпания имеет право отказать в перевозке пассажиру со спортивным снаряжением, если перевозка снаряжения не была забронирована и подтверждена авиакомпанией.\n\nВ стоимость номеров  включено: \nпроживание, питание – полупансион (завтрак шведский стол, ужин порционный), доставка до пляжа и обратно, уборка номера парковка, пользование гладильной доской с утюгом, парковка.\n​\n​В стоимость коттеджей, виллы, шале и дома с 4 спальнями включено: проживание, уборка и смена белья, трансфер до горнолыжных подъёмников  и обратно.", "availability": 30, "price": "7162.00", "room_desc": "Двухместный номер Делюкс (двуспальная/2 раздельные кровати. Обновлённые и просторные номера, оформленные в классическом стиле)", "is_active": true}}, {"model": "mainapp.accommodation", "pk": 7, "fields": {"country": 1, "region": 1, "name": "журавли курортный отель 3*", "image": "accommodation_img/zhuravil.jpg", "short_desc": "​Гостевой дом «Журавли» построен в 2013 году. Территория комплекса 50 соток, что позволяет комплексу иметь собственную зеленую территорию с уютными клумбами. На территории комплекса есть детская комната, Wi-Fi, игровые зоны отдыха, организован досуг для гостей разного возраста.\nГостевой дом – отель \"Журавли\" расположен в тихом месте Анапы в поселке Джемете. В пешей доступности от песчаного пляжа и живописных барханов./Ski Out.\n​Отель Rosa Ski Inn находится на круглогодичном курорте «Роза Хутор», на высоте 1170 метров над уровнем моря, где располагается Горная Олимпийская деревня — один из знаковых объектов Зимних Олимпийских Игр 2014 года в Сочи. Вся горнолыжная инфрастурктура курорта находится в нескольких десятках метров от отеля. ​Шестой этаж полностью переделан, и отель рад представить гостям максимально комфортное размещение. Новейшая мебель и современные удобные матрасы для полноценного отдыха после активного дня, все номера с видом на горы или на склон.", "description": "Время заезда/отъезда\nВремя заезда: с 14:00\nВремя выезда: до 12:00\nПервая услуга - обед, последняя – завтрак.\nПляж\nПляж находится в 7 - 10 минутах ходьбы.\nВ номере\n- сплит-система\n- холодильник\n- ТВ\n- фен\nТерритория\n- парковка (собственная, круглосуточная, охраняемая)\n- ​5 зон барбекю с беседками\n- зона для загара, оборудованная шезлонгами\n​- Wi-Fi\n- экскурсионное обслуживание\nРазвлечения и спорт\n- открытый бассейн (13,5x7 м, глубина 1,6 м; работает только с 08:00 до 22:00)\n- финская сауна\n- крытый бассейн (13x4 м)\n​- массаж\n​Дневные развлекательные программы:\n​аквааэробика\nлечебная гимнастика\nйога час\n​Вечернее шоу:\n​дискотека\nиллюзионное ревю\nкукольный театр\nварьете\nвокальные коллективы\nцирк и другое\nДля детей\n- детская площадка\n- детские кроватки (платно)\n​- детский бассейн (диаметр 4,2 м)\nДля маленьких гостей в прокате:\nдетский манеж\nколяска-трость\nгоршки\nванночка для купания\nподставка для ног\n​ стульчик для кормления в ресторане «шведского стола»\nПитание\nТрехразовое питание по системе \"НОВЫЙ» Шведский стол\". Высококвалифицированные повара готовят блюда исключительно из экологически чистых продуктов кубанских производителей.\n​На \"шведской линии\" гостям предложат: авторскую кухню, шоу-блюда, фрукты по сезону, собственную выпечку и десерты.\nТранспорт\nОт ж.д. вокзала \"Анапа\": маршрутным такси № 100 до остановки \"Рынок, автовокзал\", далее маршрутными такси  № 128, 114, 130 до остановки \"Динамо\", 5-7 минут пешком.\nОт аэропорта \"Анапа Витязево\": маршрутным такси № 113 до конечной остановки \"Рынок, автовокзал\", далее маршрутными такси  № 128, 114, 130 до остановки \"Динамо\", 5-7 минут пешком.\nОт ж.д. станции Тоннельная (Новороссийской ветки): на междугороднем маршруте до Автовокзала, далее маршрутным такси № 128, 114, 130 до остановки \"Динамо\", 5-7 минут пешком.\n​Администраторы гостевого дома круглосуточно готовы организовать такси.\nДополнительная информация\nУслуги, входящие в стоимость:\nПроживание в номере соответственной категории\n3-х разовое питание по системе «Новый «Шведский стол» в ресторане отеля (руководство отеля оставляет за    собой право перейти  на заказное 3-х разовое питание при загрузке менее тридцати человек). Или Без питания (в зависимости от выбранного тарифа)\nВремя работы кафе с 08:00 до 20:00, перерыв с 11:00 до 12:30 и с 15:30 до 18:00\nПользование открытым подогреваемым бассейном. При плохой и ветреной погоде Вы всегда сможете воспользоваться крытым бассейном, размер бассейна 12,5x3,5 м.\nПриветственный комплимент от отеля в лобби баре, до поселения в номер (чай, кофе, соки в ассортименте).\nРазвлекательные программы для взрослых и детей, анимационный сервис. Пользование детской площадкой.\nВысокоскоростной Wi-Fi интернет по всей территории отеля.\nБесплатная автостоянка. \nНастольные игры (шахматы, шашки, домино, лото, карты).\nДополнительные услуги:\nРегистрация иностранных граждан 750 руб/заезд.\nКурортный сбор (уточнять при бронировании).\nДетская кроватка, коляска-трость.\nRoom-servisce, мини и лобби бары в номере и у бассейна.\nТранспортные услуги: организация трансфера (встреча и проводы гостей).\nФинская сауна (от 1 до 6 человек) – 1500 руб./час. Более 6 человек, за каждого дополнительного человека 200 руб./час. Крытый бассейн 13x4 м. Так же за доп. плату Вы можете воспользоваться услугами ручного массажа.\n5 зон  барбекю с беседками. Мангал (шампура или решетка) 400 руб. с посудой (стаканы,тарелки, миска для маринования, нож, доска разделочная, столовые приборы одноразовые) 800 руб.\nЭкскурсионное обслуживание.\nОрганизация и проведение вечеринок, свадеб, юбилеев и других мероприятий.\nРестораны и бары\n- кафе /от аэропорта, жд/станции (по запросу, платно)\n- вызов такси\n- ​банкетный зал (на 30 мест)\nРазвлечения и спорт\n- крытый бассейн\n​- сауна\nРестораны и бары\n- ресторан (европейская и авторская кухня, 40 мест)\n- лобби-бар\nПитание\nОтель предлагает питание по системам: BB, HB завтрак, обед – шведский стол.\nДополнительная информация\nВ стоимость номера включено: \nпроживание в номере выбранной категории\nразовая косметика в номере, полотенца\nмахровые халаты и тапочки (в номерах «студия» и «люкс») \nтекущая уборка – производится со следующего после заезда дня - ежедневно\nзамена постельного белья – раз в неделю.\nзамена полотенец – каждые три дня\nвозможна досрочная замена белья и полотенец за дополнительную плату\nзавтрак на две персоны с 1-го декабря\n \nПо прибытии необходимо внести залог в размере 2000 RUB на случай непредвиденных ситуаций. \nЗалог будет полностью возвращён при регистрации отъезда после проверки состояния объекта размещения.\n\nВАЖНО:\nЕсли туристы летят самолетом с собственным горнолыжным снаряжением, то туристам необходимо забронировать и подтвердить услугу провоза спортивного инвентаря более чем за 24 часа до вылета рейса!\nОбращаем Ваше внимание, что авиакомпания имеет право отказать в перевозке пассажиру со спортивным снаряжением, если перевозка снаряжения не была забронирована и подтверждена авиакомпанией.\nРасчетный час/до аэропорта и ж/д вокзала\n​- мангал, барбекю\nРазвлечения и спорт\n​- настольный теннис\n- бильярд\n​- баня на дровах с камином и гостиной\n- экскурсионные программы по Сочи (посещение Олимпийских объектов, шоппинг по торговым центрам, посещение развлекательных центров, аквапарка, катка, кинотеатра, ночных клубов)\nРестораны и бары\n- ресторан\n- кафе-бар\n\nОбеденный зал на 80 посадочных мест с  предоставлением завтрака и шведским столом.\n​Бар с прохладительными, горячими и спиртными напитками.\nДополнительная информация\nВАЖНО:\nЕсли туристы летят самолетом с собственным горнолыжным снаряжением, то туристам необходимо забронировать и подтвердить услугу провоза спортивного инвентаря более чем за 24 часа до вылета рейса!\nОбращаем Ваше внимание, что авиакомпания имеет право отказать в перевозке пассажиру со спортивным снаряжением, если перевозка снаряжения не была забронирована и подтверждена авиакомпанией.\n\nВ стоимость номеров  включено: \nпроживание, питание – полупансион (завтрак шведский стол, ужин порционный), доставка до пляжа и обратно, уборка номера парковка, пользование гладильной доской с утюгом, парковка.\n​\n​В стоимость коттеджей, виллы, шале и дома с 4 спальнями включено: проживание, уборка и смена белья, трансфер до горнолыжных подъёмников  и обратно.", "availability": 20, "price": "7902.00", "room_desc": "Двухместный номер (14-17 кв.м, макс. 2 чел. + 1-2 доп. места, 1-2 кровати)", "is_active": false}}, {"model": "mainapp.accommodation", "pk": 8, "fields": {"country": 1, "region": 1, "name": "акварель семейный отель 3*", "image": "accommodation_img/akvarel.jpg", "short_desc": "Этот отель, расположенный в Витязево, создан для идеального семейного отдыха.\nОтель расположен в поселке Витязево. Напротив находится боулинг-центр «Витязь», а совсем рядом – дельфинарий и озелененная аллея, в 15 минутах езды от центра Анапы. /Ski Out.\n​Отель Rosa Ski Inn находится на круглогодичном курорте «Роза Хутор», на высоте 1170 метров над уровнем моря, где располагается Горная Олимпийская деревня — один из знаковых объектов Зимних Олимпийских Игр 2014 года в Сочи. Вся горнолыжная инфрастурктура курорта находится в нескольких десятках метров от отеля. ​Шестой этаж полностью переделан, и отель рад представить гостям максимально комфортное размещение. Новейшая мебель и современные удобные матрасы для полноценного отдыха после активного дня, все номера с видом на горы или на склон.", "description": "Время заезда/отъезда\nВремя заезда: с 14:00\nВремя выезда: до 12:00\nПервая услуга - обед, последняя – завтрак.\nПляж\nПляж находится в 7 - 10 минутах ходьбы.\nВ номере\n- сплит-система\n- холодильник\n- ТВ\n- фен\nТерритория\n- парковка (собственная, круглосуточная, охраняемая)\n- ​5 зон барбекю с беседками\n- зона для загара, оборудованная шезлонгами\n​- Wi-Fi\n- экскурсионное обслуживание\nРазвлечения и спорт\n- открытый бассейн (13,5x7 м, глубина 1,6 м; работает только с 08:00 до 22:00)\n- финская сауна\n- крытый бассейн (13x4 м)\n​- массаж\n​Дневные развлекательные программы:\n​аквааэробика\nлечебная гимнастика\nйога час\n​Вечернее шоу:\n​дискотека\nиллюзионное ревю\nкукольный театр\nварьете\nвокальные коллективы\nцирк и другое\nДля детей\n- детская площадка\n- детские кроватки (платно)\n​- детский бассейн (диаметр 4,2 м)\nДля маленьких гостей в прокате:\nдетский манеж\nколяска-трость\nгоршки\nванночка для купания\nподставка для ног\n​ стульчик для кормления в ресторане «шведского стола»\nПитание\nТрехразовое питание по системе \"НОВЫЙ» Шведский стол\". Высококвалифицированные повара готовят блюда исключительно из экологически чистых продуктов кубанских производителей.\n​На \"шведской линии\" гостям предложат: авторскую кухню, шоу-блюда, фрукты по сезону, собственную выпечку и десерты.\nТранспорт\nОт ж.д. вокзала \"Анапа\": маршрутным такси № 100 до остановки \"Рынок, автовокзал\", далее маршрутными такси  № 128, 114, 130 до остановки \"Динамо\", 5-7 минут пешком.\nОт аэропорта \"Анапа Витязево\": маршрутным такси № 113 до конечной остановки \"Рынок, автовокзал\", далее маршрутными такси  № 128, 114, 130 до остановки \"Динамо\", 5-7 минут пешком.\nОт ж.д. станции Тоннельная (Новороссийской ветки): на междугороднем маршруте до Автовокзала, далее маршрутным такси № 128, 114, 130 до остановки \"Динамо\", 5-7 минут пешком.\n​Администраторы гостевого дома круглосуточно готовы организовать такси.\nДополнительная информация\nУслуги, входящие в стоимость:\nПроживание в номере соответственной категории\n3-х разовое питание по системе «Новый «Шведский стол» в ресторане отеля (руководство отеля оставляет за    собой право перейти  на заказное 3-х разовое питание при загрузке менее тридцати человек). Или Без питания (в зависимости от выбранного тарифа)\nВремя работы кафе с 08:00 до 20:00, перерыв с 11:00 до 12:30 и с 15:30 до 18:00\nПользование открытым подогреваемым бассейном. При плохой и ветреной погоде Вы всегда сможете воспользоваться крытым бассейном, размер бассейна 12,5x3,5 м.\nПриветственный комплимент от отеля в лобби баре, до поселения в номер (чай, кофе, соки в ассортименте).\nРазвлекательные программы для взрослых и детей, анимационный сервис. Пользование детской площадкой.\nВысокоскоростной Wi-Fi интернет по всей территории отеля.\nБесплатная автостоянка. \nНастольные игры (шахматы, шашки, домино, лото, карты).\nДополнительные услуги:\nРегистрация иностранных граждан 750 руб/заезд.\nКурортный сбор (уточнять при бронировании).\nДетская кроватка, коляска-трость.\nRoom-servisce, мини и лобби бары в номере и у бассейна.\nТранспортные услуги: организация трансфера (встреча и проводы гостей).\nФинская сауна (от 1 до 6 человек) – 1500 руб./час. Более 6 человек, за каждого дополнительного человека 200 руб./час. Крытый бассейн 13x4 м. Так же за доп. плату Вы можете воспользоваться услугами ручного массажа.\n5 зон  барбекю с беседками. Мангал (шампура или решетка) 400 руб. с посудой (стаканы,тарелки, миска для маринования, нож, доска разделочная, столовые приборы одноразовые) 800 руб.\nЭкскурсионное обслуживание.\nОрганизация и проведение вечеринок, свадеб, юбилеев и других мероприятий.\nРестораны и бары\n- кафе /от аэропорта, жд/станции (по запросу, платно)\n- вызов такси\n- ​банкетный зал (на 30 мест)\nРазвлечения и спорт\n- крытый бассейн\n​- сауна\nРестораны и бары\n- ресторан (европейская и авторская кухня, 40 мест)\n- лобби-бар\nПитание\nОтель предлагает питание по системам: BB, HB завтрак, обед – шведский стол.\nДополнительная информация\nВ стоимость номера включено: \nпроживание в номере выбранной категории\nразовая косметика в номере, полотенца\nмахровые халаты и тапочки (в номерах «студия» и «люкс») \nтекущая уборка – производится со следующего после заезда дня - ежедневно\nзамена постельного белья – раз в неделю.\nзамена полотенец – каждые три дня\nвозможна досрочная замена белья и полотенец за дополнительную плату\nзавтрак на две персоны с 1-го декабря\n \nПо прибытии необходимо внести залог в размере 2000 RUB на случай непредвиденных ситуаций. \nЗалог будет полностью возвращён при регистрации отъезда после проверки состояния объекта размещения.\n\nВАЖНО:\nЕсли туристы летят самолетом с собственным горнолыжным снаряжением, то туристам необходимо забронировать и подтвердить услугу провоза спортивного инвентаря более чем за 24 часа до вылета рейса!\nОбращаем Ваше внимание, что авиакомпания имеет право отказать в перевозке пассажиру со спортивным снаряжением, если перевозка снаряжения не была забронирована и подтверждена авиакомпанией.\nРасчетный час/до аэропорта и ж/д вокзала\n​- мангал, барбекю\nРазвлечения и спорт\n​- настольный теннис\n- бильярд\n​- баня на дровах с камином и гостиной\n- экскурсионные программы по Сочи (посещение Олимпийских объектов, шоппинг по торговым центрам, посещение развлекательных центров, аквапарка, катка, кинотеатра, ночных клубов)\nРестораны и бары\n- ресторан\n- кафе-бар\n\nОбеденный зал на 80 посадочных мест с  предоставлением завтрака и шведским столом.\n​Бар с прохладительными, горячими и спиртными напитками.\nДополнительная информация\nВАЖНО:\nЕсли туристы летят самолетом с собственным горнолыжным снаряжением, то туристам необходимо забронировать и подтвердить услугу провоза спортивного инвентаря более чем за 24 часа до вылета рейса!\nОбращаем Ваше внимание, что авиакомпания имеет право отказать в перевозке пассажиру со спортивным снаряжением, если перевозка снаряжения не была забронирована и подтверждена авиакомпанией.\n\nВ стоимость номеров  включено: \nпроживание, питание – полупансион (завтрак шведский стол, ужин порционный), доставка до пляжа и обратно, уборка номера парковка, пользование гладильной доской с утюгом, парковка.\n​\n​В стоимость коттеджей, виллы, шале и дома с 4 спальнями включено: проживание, уборка и смена белья, трансфер до горнолыжных подъёмников  и обратно.", "availability": 20, "price": "7902.00", "room_desc": "Двухместный однокомнатный номер без балкона (16 кв.м, макс. 2 осн.места+1 доп.место, двуспальная/2 раздельные кровати, еврораскладушка/кресло-кровать, душ)", "is_active": true}}, {"model": "mainapp.accommodation", "pk": 9, "fields": {"country": 1, "region": 2, "name": "плаза отель 3*", "image": "accommodation_img/plaza.jpg", "short_desc": "Отель Плаза современное 7-ми этажное здание, оснащенное всеми необходимыми коммуникациями для комфортного отдыха. Превосходный обзорный лифт поднимет вас на любой этаж к вашему номеру.\n​​Отель расположен в экологически чистом районе города с прекрасно развитой инфраструктурой: в 8-10 минутах ходьбы от пляжа, в пяти минутах ходьбы от самого большого в России аквапарка \"Золотая бухта\" и в пятнадцати минутах от аквапарка \"Бегемот\". /Ski Out.\n​Отель Rosa Ski Inn находится на круглогодичном курорте «Роза Хутор», на высоте 1170 метров над уровнем моря, где располагается Горная Олимпийская деревня — один из знаковых объектов Зимних Олимпийских Игр 2014 года в Сочи. Вся горнолыжная инфрастурктура курорта находится в нескольких десятках метров от отеля. ​Шестой этаж полностью переделан, и отель рад представить гостям максимально комфортное размещение. Новейшая мебель и современные удобные матрасы для полноценного отдыха после активного дня, все номера с видом на горы или на склон.", "description": "Время заезда/отъезда\nВремя выезда: до 12:00\nВремя заезда: с 14:00\nПляж\nПесчаный, в 350 метрах от отеля.\nВ номере\n- электрический чайник/утюг (можно взять на стойке службы размещения ​ бесплатно)\n- ТВ\n- кондиционер\n- холодильник\n- фен\n- ежедневная уборка\n- смена белья 1 раз в 3 дня\n- смена полотенец ежедневно\n- сейф (в номерах повышенной комфортности, для номеров категории «Стандарт» в сейфе на ресепшен)\n- средства личной гигиены (шампунь, гель для душа, мыло, тапочки, ложка для обуви)\n- сплит-система\n- душ\n​- балкон\n​- телефон\nТерритория\n- круглосуточное бронирование номеров\n- услуги стирки и глажки белья (платно)\n- открытая парковка \n- беседка с мангалом\n- продуктовый магазин\n- ​Wi-Fi\nРазвлечения и спорт\n- открытый бассейн с подогревом (разделен на взрослую и детскую зоны; подогрев осуществляется: июнь и сентябрь,в норд-ост бассейн не работает)\n- настольный теннис\n\n​БАССЕЙН ЗАКРЫТ ДО СНЯТИЯ РЕЖИМА ОГРАНИЧЕНИЙ, СВЯЗАННЫХ  С COVID- 2019.\nРестораны и бары\n- кафе PLAZA (​обед и ужин по меню русской, европейской и китайской кухни; с июня по сентябрь)", "availability": 20, "price": "7902.00", "room_desc": "Стандарт двухместный (25 кв.м, двуспальная кровать с прикроватными тумбочками)", "is_active": true}}, {"model": "mainapp.accommodation", "pk": 10, "fields": {"country": 1, "region": 4, "name": "таулу 2*", "image": "accommodation_img/taulu.jpg", "short_desc": "Оздоровительный комплекс «Таулу» предназначен для тех, кто предпочитает возвращаться с горных склонов в уютную домашнюю атмосферу\nРасположен в поселке Домбай, рядом с первой очередью канатно-кресельной дороги, на правом берегу бурлящего потока реки Домбай – Ельген. \n\nГостиница рассчитана на 135 мест и состоит из 4-х этажного коттеджа,  5-ти  этажного корпуса и 2-х  этажного корпуса  с 3-х комнатными номерами  и с  отдельными входами, удивительно гармонирующих с вековыми хвойными деревьями, окружающими территорию комплекса./Ski Out.\n​Отель Rosa Ski Inn находится на круглогодичном курорте «Роза Хутор», на высоте 1170 метров над уровнем моря, где располагается Горная Олимпийская деревня — один из знаковых объектов Зимних Олимпийских Игр 2014 года в Сочи. Вся горнолыжная инфрастурктура курорта находится в нескольких десятках метров от отеля. ​Шестой этаж полностью переделан, и отель рад представить гостям максимально комфортное размещение. Новейшая мебель и современные удобные матрасы для полноценного отдыха после активного дня, все номера с видом на горы или на склон.", "description": "Территория\n\nоткрытый бассейн\nохраняемая автостоянка\n10телевизионных спутниковых каналов в номерах\nимеется шашлычная среди вековых хвойных деревьев и около реки Домбай – Ельген, а так же есть русская баня на 10 человек с бассейном\nРестораны и бары\n​- кафе\n- диско – бар с камином", "availability": 135, "price": "4177.00", "room_desc": " Апартаменты (4-х местные)- 3- комнаты: холл с камином, холодильник, ТВ, мягкая мебель; две 2-х местные спальни; ванна и санузел совмещенные.", "is_active": false}}, {"model": "mainapp.accommodation", "pk": 11, "fields": {"country": 1, "region": 2, "name": "rwertwer", "image": "accomodations_img/motolodka-049_7mSRyq7.jpg", "short_desc": "werwer", "description": "werwerw", "availability": 45, "price": "574646.00", "room_desc": "546456456456", "is_active": true}}, {"model": "mainapp.accommodation", "pk": 12, "fields": {"country": 1, "region": 2, "name": "ytjfjkfuk", "image": "accomodations_img/scale_1200.jpg", "short_desc": "kufyuk", "description": "uykfyufkfkf", "availability": 1414, "price": "4142.00", "room_desc": "242435", "is_active": true}}, {"model": "social_django.usersocialauth", "pk": 1, "fields": {"user": 2, "provider": "vk-oauth2", "uid": "151044205", "extra_data": "{\"auth_time\": 1667283511, \"id\": 151044205, \"expires\": 86400, \"access_token\": \"vk1.a.4SnwMZbiajuZdw2UWKXBqvonhTYfr4BEdXA31aZ8YqTMbLtLrft2gKIZ19Sr-72sHIn5xlXThJcAkCU5AmFDWz8k29o87jvnNfqxnnJ1rQhTvyrrAs-UBEN82R6jwSUndySkpbPSrkNRrbcB-tA9vWw3071UuJX5KB0KcFJW2BVW7w8ogroeoImGiLWcYcqs\", \"token_type\": null}", "created": "2022-10-27T13:44:06.984", "modified": "2022-11-01T13:18:31.998"}}, {"model": "ordersapp.order", "pk": 1, "fields": {"user": 1, "created": "2022-10-31T15:10:48.369", "update": "2022-10-31T15:37:05.444", "status": "FM", "is_active": false}}, {"model": "ordersapp.order", "pk": 2, "fields": {"user": 1, "created": "2022-10-31T15:12:20.444", "update": "2022-10-31T15:24:23.813", "status": "FM", "is_active": false}}, {"model": "ordersapp.order", "pk": 3, "fields": {"user": 1, "created": "2022-10-31T15:35:55.359", "update": "2022-10-31T15:37:03.077", "status": "FM", "is_active": false}}, {"model": "ordersapp.order", "pk": 4, "fields": {"user": 1, "created": "2022-10-31T15:38:47.868", "update": "2022-10-31T15:56:06.819", "status": "STP", "is_active": true}}, {"model": "ordersapp.order", "pk": 5, "fields": {"user": 1, "created": "2022-10-31T15:57:12.354", "update": "2022-10-31T16:04:20.125", "status": "FM", "is_active": false}}, {"model": "ordersapp.order", "pk": 6, "fields": {"user": 1, "created": "2022-11-01T12:42:08.697", "update": "2022-11-01T12:52:12.015", "status": "FM", "is_active": false}}, {"model": "ordersapp.order", "pk": 7, "fields": {"user": 1, "created": "2022-11-01T12:52:51.047", "update": "2022-11-01T13:01:30.367", "status": "FM", "is_active": true}}, {"model": "ordersapp.orderitem", "pk": 1, "fields": {"order": 1, "accommodation": 6, "nights": 8}}, {"model": "ordersapp.orderitem", "pk": 2, "fields": {"order": 1, "accommodation": 2, "nights": 2}}, {"model": "ordersapp.orderitem", "pk": 3, "fields": {"order": 1, "accommodation": 1, "nights": 1}}, {"model": "ordersapp.orderitem", "pk": 5, "fields": {"order": 3, "accommodation": 6, "nights": 2}}, {"model": "ordersapp.orderitem", "pk": 6, "fields": {"order": 4, "accommodation": 4, "nights": 4}}, {"model": "ordersapp.orderitem", "pk": 8, "fields": {"order": 6, "accommodation": 3, "nights": 6}}, {"model": "ordersapp.orderitem", "pk": 9, "fields": {"order": 7, "accommodation": 1, "nights": 10}}]
